<?xml version="1.0" encoding="UTF-8" standalone="no"?> 
<board schema_version="2.1" vendor="hm-lab.com" name="HM-CORE" display_name="HM-CORE Board" url="www.hm-lab.com/hm-core" preset_file="preset.xml">
  
  <images>
    <image name="hm-core-board.jpg" display_name="HM-CORE BOARD" sub_type="board">
      <description>HM-CORE Board File Image</description>
    </image>
  </images>
  
  <compatible_board_revisions>
    <revision id="0">A</revision>
  </compatible_board_revisions>
  
  <file_version>1.0</file_version>
  
  <description>HM-CORE Board is an open source lightweight zynq platform for research/education/commercial.</description>
  
  <components>
    <component name="part0" display_name="HM-CORE" type="fpga" part_name="xc7z010clg225-1" pin_map_file="part0_pins.xml" vendor="xilinx" spec_url="www.xilinx.com">
      <description>FPGA part on the board</description>
      <interfaces>
        <interface mode="master" name="ps7_fixedio" type="xilinx.com:display_processing_system7:fixedio_rtl:1.0" of_component="ps7_fixedio" preset_proc="ps7_preset"> 
          <preferred_ips>
            <preferred_ip vendor="xilinx.com" library="ip" name="processing_system7" order="0"/>
          </preferred_ips>
        </interface>

        <interface mode="master" name="onboard_LED" type="xilinx.com:interface:gpio_rtl:1.0" of_component="led" preset_proc="led_preset">
          <preferred_ips>
            <preferred_ip vendor="xilinx.com" library="ip" name="axi_gpio" order="0"/>
          </preferred_ips>
          <port_maps>
            <port_map logical_port="TRI_O" physical_port="led" dir="out" > 
              <pin_maps>
                <pin_map port_index="0" component_pin="led"/> 
              </pin_maps>
            </port_map>
          </port_maps>
        </interface>
  
        <interface mode="master" name="p1" type="xilinx.com:interface:gpio_rtl:1.0" of_component="p1" preset_proc="p1_preset">
          <preferred_ips>
            <preferred_ip vendor="xilinx.com" library="ip" name="axi_gpio" order="0"/>
          </preferred_ips>
          <port_maps>
            <port_map logical_port="TRI_O" physical_port="p1_tri_o" dir="out" left="22" right="0">
              <pin_maps>
                <pin_map port_index="0" component_pin="J1_1"/>
                <pin_map port_index="1" component_pin="J1_2"/>
                <pin_map port_index="2" component_pin="J1_3"/>
                <pin_map port_index="3" component_pin="J1_4"/>
                <pin_map port_index="4" component_pin="J1_5"/>
                <pin_map port_index="5" component_pin="J1_6"/>                     
                <pin_map port_index="6" component_pin="J1_9"/>
                <pin_map port_index="7" component_pin="J1_10"/>
                <pin_map port_index="8" component_pin="J2_1"/>
                <pin_map port_index="9" component_pin="J2_2"/>
                <pin_map port_index="10" component_pin="J2_3"/>
                <pin_map port_index="11" component_pin="J2_4"/>
                <pin_map port_index="12" component_pin="J2_5"/>
                <pin_map port_index="13" component_pin="J2_6"/>
                <pin_map port_index="14" component_pin="J2_7"/>
                <pin_map port_index="15" component_pin="J2_8"/>	
                <pin_map port_index="16" component_pin="J4_1"/>
                <pin_map port_index="17" component_pin="J4_2"/>
                <pin_map port_index="18" component_pin="J4_3"/>
                <pin_map port_index="19" component_pin="J4_4"/>
                <pin_map port_index="20" component_pin="J4_5"/>
                <pin_map port_index="21" component_pin="J4_6"/>
                <pin_map port_index="22" component_pin="J5_5"/>
              </pin_maps>
            </port_map>
            <port_map logical_port="TRI_T" physical_port="p1_tri_t" dir="out" left="22" right="0">
              <pin_maps>
                <pin_map port_index="0" component_pin="J1_1"/>
                <pin_map port_index="1" component_pin="J1_2"/>
                <pin_map port_index="2" component_pin="J1_3"/>
                <pin_map port_index="3" component_pin="J1_4"/>
                <pin_map port_index="4" component_pin="J1_5"/>
                <pin_map port_index="5" component_pin="J1_6"/>                     
                <pin_map port_index="6" component_pin="J1_9"/>
                <pin_map port_index="7" component_pin="J1_10"/>
                <pin_map port_index="8" component_pin="J2_1"/>
                <pin_map port_index="9" component_pin="J2_2"/>
                <pin_map port_index="10" component_pin="J2_3"/>
                <pin_map port_index="11" component_pin="J2_4"/>
                <pin_map port_index="12" component_pin="J2_5"/>
                <pin_map port_index="13" component_pin="J2_6"/>
                <pin_map port_index="14" component_pin="J2_7"/>
                <pin_map port_index="15" component_pin="J2_8"/>	
                <pin_map port_index="16" component_pin="J4_1"/>
                <pin_map port_index="17" component_pin="J4_2"/>
                <pin_map port_index="18" component_pin="J4_3"/>
                <pin_map port_index="19" component_pin="J4_4"/>
                <pin_map port_index="20" component_pin="J4_5"/>
                <pin_map port_index="21" component_pin="J4_6"/>
                <pin_map port_index="22" component_pin="J5_5"/>
              </pin_maps>
            </port_map>
            <port_map logical_port="TRI_I" physical_port="p1_tri_i" dir="in" left="22" right="0">
              <pin_maps>
                <pin_map port_index="0" component_pin="J1_1"/>
                <pin_map port_index="1" component_pin="J1_2"/>
                <pin_map port_index="2" component_pin="J1_3"/>
                <pin_map port_index="3" component_pin="J1_4"/>
                <pin_map port_index="4" component_pin="J1_5"/>
                <pin_map port_index="5" component_pin="J1_6"/>                     
                <pin_map port_index="6" component_pin="J1_9"/>
                <pin_map port_index="7" component_pin="J1_10"/>
                <pin_map port_index="8" component_pin="J2_1"/>
                <pin_map port_index="9" component_pin="J2_2"/>
                <pin_map port_index="10" component_pin="J2_3"/>
                <pin_map port_index="11" component_pin="J2_4"/>
                <pin_map port_index="12" component_pin="J2_5"/>
                <pin_map port_index="13" component_pin="J2_6"/>
                <pin_map port_index="14" component_pin="J2_7"/>
                <pin_map port_index="15" component_pin="J2_8"/>	
                <pin_map port_index="16" component_pin="J4_1"/>
                <pin_map port_index="17" component_pin="J4_2"/>
                <pin_map port_index="18" component_pin="J4_3"/>
                <pin_map port_index="19" component_pin="J4_4"/>
                <pin_map port_index="20" component_pin="J4_5"/>
                <pin_map port_index="21" component_pin="J4_6"/>
                <pin_map port_index="22" component_pin="J5_5"/>
              </pin_maps>
            </port_map>
          </port_maps>
        </interface>

        <interface mode="master" name="ft223h_channel_b" type="xilinx.com:interface:uart_rtl:1.0" of_component="uart" preset_proc="uart_preset">
          <preferred_ips>
            <preferred_ip vendor="xilinx.com" library="ip" name="axi_uart16550" order="0"/>
            <preferred_ip vendor="xilinx.com" library="ip" name="axi_uartlite" order="1"/>
            <preferred_ip vendor="xilinx.com" library="ip" name="microblaze_mcs" order="2"/>
            <preferred_ip vendor="xilinx.com" library="ip" name="axi_iomodule" order="3"/>
          </preferred_ips>
          <port_maps>
            <port_map logical_port="TxD" physical_port="uart3_txd" dir="out">
              <pin_maps>
                <pin_map port_index="0" component_pin="BDBUS1"/> 
              </pin_maps>
            </port_map>
            <port_map logical_port="RxD" physical_port="uart3_rxd" dir="in">
              <pin_maps>
                <pin_map port_index="0" component_pin="BDBUS0"/> 
              </pin_maps>
            </port_map>
           </port_maps>
        </interface>

        <interface mode="master" name="ft2232h_channel_b_gpio" type="xilinx.com:interface:gpio_rtl:1.0" of_component="uart" preset_proc="uart_preset">
          <preferred_ips>
            <preferred_ip vendor="xilinx.com" library="ip" name="axi_gpio" order="0"/>
          </preferred_ips>
          <port_maps>
            <port_map logical_port="TRI_O" physical_port="ftdi_ch_b_tri_o" dir="out" left="1" right="0"> 
              <pin_maps>
                <pin_map port_index="0" component_pin="BDBUS0"/> 
                <pin_map port_index="1" component_pin="BDBUS1"/> 
              </pin_maps>
            </port_map>
          </port_maps>
        </interface>

        <interface mode="master" name="uart1" type="xilinx.com:interface:uart_rtl:1.0" of_component="uart1" preset_proc="uart1_preset">
          <preferred_ips>
            <preferred_ip vendor="xilinx.com" library="ip" name="axi_uartlite" order="0"/>
          </preferred_ips>
          <port_maps>
            <port_map logical_port="TxD" physical_port="uart0_txd" dir="out">
              <pin_maps>
                <pin_map port_index="0" component_pin="J2_2"/> 
              </pin_maps>
            </port_map>
            <port_map logical_port="RxD" physical_port="uart0_rxd" dir="in">
              <pin_maps>
                <pin_map port_index="0" component_pin="J2_1"/> 
              </pin_maps>
            </port_map>
          </port_maps>
        </interface>

        <interface mode="master" name="iic" type="xilinx.com:interface:iic_rtl:1.0" of_component="iic">
          <preferred_ips>
            <preferred_ip vendor="xilinx.com" library="ip" name="axi_iic" order="0"/>
          </preferred_ips>
          <port_maps>
            <port_map logical_port="SDA_I" physical_port="sda_i" dir="in">
              <pin_maps>
                <pin_map port_index="0" component_pin="J1_9"/> 
              </pin_maps>
            </port_map>
            <port_map logical_port="SDA_O" physical_port="sda_o" dir="out">
              <pin_maps>
                <pin_map port_index="0" component_pin="J1_9"/> 
              </pin_maps>
            </port_map>
            <port_map logical_port="SDA_T" physical_port="sda_t" dir="out">
              <pin_maps>
                <pin_map port_index="0" component_pin="J1_9"/> 
              </pin_maps>
            </port_map>
            <port_map logical_port="SCL_I" physical_port="scl_i" dir="in">
              <pin_maps>
                <pin_map port_index="0" component_pin="J1_10"/> 
              </pin_maps>
            </port_map>
            <port_map logical_port="SCL_O" physical_port="scl_o" dir="out">
              <pin_maps>
                <pin_map port_index="0" component_pin="J1_10"/> 
              </pin_maps>
            </port_map>
            <port_map logical_port="SCL_T" physical_port="scl_t" dir="out">
              <pin_maps>
                <pin_map port_index="0" component_pin="J1_10"/> 
              </pin_maps>
            </port_map>
          </port_maps>
        </interface>

      </interfaces>
    </component>
    
    <component name="led" display_name="LED" type="chip" sub_type="led" major_group="General Purpose Input or Output">
      <description>system led und normal led</description>
    </component>

    <component name="p1" display_name="J1:P1" type="chip" sub_type="fixed_io" major_group="General Purpose Input or Output">
      <description>p1 (23 bits) in J1</description>
    </component>

    <component name="iic" display_name="IIC" type="chip" sub_type="mux" major_group="Miscellaneous">
      <description>I2C</description>
    </component>

    <component name="uart" display_name="FT2232H Channel B" type="chip" sub_type="chip" major_group="Miscellaneous" part_name="FT2232HQ" vendor="FTDI Chip" spec_url="www.ftdichip.com">
      <description>USB-to-UART Bridge, which allows a connection to a host computer with a USB port </description>
      <component_modes>
        <component_mode name="UART" display_name="FT2232 Channel B as UART">
          <description>USB-to-UART Bridge, which allows a connection to a host computer with a USB port </description>
          <interfaces>
            <interface name="ft223h_channel_b" order="0"/>
          </interfaces>
          <preferred_ips>
            <preferred_ip vendor="xilinx.com" library="ip" name="axi_uart16550" order="0"/>
            <preferred_ip vendor="xilinx.com" library="ip" name="axi_uartlite" order="1"/>
            <preferred_ip vendor="xilinx.com" library="ip" name="microblaze_mcs" order="2"/>
            <preferred_ip vendor="xilinx.com" library="ip" name="axi_iomodule" order="3"/>
          </preferred_ips>
        </component_mode>
        <component_mode name="GPIO" display_name="FT2232 Channel B as GPIO">
          <description>USB-to-UART Bridge, which allows a connection to a host computer with a USB port </description>
          <interfaces>
            <interface name="ft223h_channel_b_gpio" order="0"/>
          </interfaces>
          <preferred_ips>
            <preferred_ip vendor="xilinx.com" library="ip" name="axi_gpio" order="0"/>
          </preferred_ips>
        </component_mode>
      </component_modes>
    </component>

    <component name="uart1" display_name="BASE UART1" type="chip" sub_type="uart" major_group="Miscellaneous" >
      <description>USB-to-UART Bridge, which allows a connection to a host computer with a USB port </description>
    </component>

    <component name="ps7_fixedio" display_name="PS7 fixed IO" type="chip" sub_type="fixed_io" major_group=""/>

  </components>

  <jtag_chains>
    <jtag_chain name="chain1">
      <position name="0" component="part0"/>
    </jtag_chain>
  </jtag_chains>

  <connections>
    <connection name="part0_led" component1="part0" component2="led">
      <connection_map name="part0_led_1" c1_st_index="0" c1_end_index="0" c2_st_index="0" c2_end_index="0"/>
    </connection>
    <connection name="part0_p1" component1="part0" component2="p1">
      <connection_map name="part0_p1_1" c1_st_index="1" c1_end_index="23" c2_st_index="0" c2_end_index="22"/>
    </connection>  
    <connection name="part0_iic" component1="part0" component2="iic">
      <connection_map name="part0_iic_1" c1_st_index="7" c1_end_index="8" c2_st_index="0" c2_end_index="1"/>
    </connection>  
    <connection name="part0_uart" component1="part0" component2="uart">
      <connection_map name="part0_uart_1" c1_st_index="24" c1_end_index="37" c2_st_index="0" c2_end_index="13"/>
    </connection> 
    <connection name="part0_uart1" component1="part0" component2="uart1">
      <connection_map name="part0_uart1_1" c1_st_index="9" c1_end_index="10" c2_st_index="0" c2_end_index="1"/>
    </connection>

  </connections>

  <ip_associated_rules>
    <ip_associated_rule name="default">
    </ip_associated_rule>
  </ip_associated_rules>

</board>
